{
  "users": [
  ],
  "usersProfileData": [
  ],
  "categories": [
    {
      "id": 1,
      "postType": 1,
      "isDefault": true,
      "name": "Зарплата",
      "color": "#90BE6D",
      "userId": 0
    },
    {
      "id": 2,
      "postType": 1,
      "isDefault": true,
      "name": "Бизнес",
      "color": "#43AA8B",
      "userId": 0
    },
    {
      "id": 3,
      "postType": 1,
      "isDefault": true,
      "name": "Входящий перевод",
      "color": "#4D908E",
      "userId": 0
    },
    {
      "id": 4,
      "postType": 1,
      "isDefault": true,
      "name": "Возврат долга",
      "color": "#577590",
      "userId": 0
    },
    {
      "id": 5,
      "postType": 1,
      "isDefault": true,
      "name": "Из инвестиций",
      "color": "#277DA1",
      "userId": 0
    },
    {
      "id": 6,
      "postType": 1,
      "isDefault": true,
      "name": "Другие доходы",
      "color": "#A3D7C0",
      "userId": 0
    },
    {
      "id": 7,
      "postType": 2,
      "isDefault": true,
      "name": "Супермаркет",
      "color": "#F94144",
      "userId": 0
    },
    {
      "id": 8,
      "postType": 2,
      "isDefault": true,
      "name": "Кафе и рестораны",
      "color": "#F3722C",
      "userId": 0
    },
    {
      "id": 9,
      "postType": 2,
      "isDefault": true,
      "name": "Автомобиль",
      "color": "#F8961E",
      "userId": 0
    },
    {
      "id": 10,
      "postType": 2,
      "isDefault": true,
      "name": "Здоровье",
      "color": "#F9844A",
      "userId": 0
    },
    {
      "id": 11,
      "postType": 2,
      "isDefault": true,
      "name": "Развлечения",
      "color": "#F9C74F",
      "userId": 0
    },
    {
      "id": 12,
      "postType": 2,
      "isDefault": true,
      "name": "Другие расходы",
      "color": "#DFCABE",
      "userId": 0
    }
  ],
  "currencies": [
    {
      "id": 1,
      "name": "Российский рубль",
      "sign": "₽",
      "code": "RUB"
    },
    {
      "id": 2,
      "name": "Доллар США",
      "sign": "$",
      "code": "USD"
    },
    {
      "id": 3,
      "name": "Японская иена",
      "sign": "¥",
      "code": "JPY"
    },
    {
      "id": 4,
      "name": "Евро",
      "sign": "€",
      "code": "EUR"
    }
  ],
  "postTypes": [
    {
      "id": 1,
      "name": "Доходы"
    },
    {
      "id": 2,
      "name": "Расходы"
    }
  ],
  "themes": [
    {
      "id": 1,
      "name": "Тёмная"
    },
    {
      "id": 2,
      "name": "Светлая"
    }
  ],
  "filters": [
    {
      "id": 1,
      "name": "Баланс",
      "ptId": 0
    },
    {
      "id": 2,
      "name": "Доходы",
      "ptId": 1
    },
    {
      "id": 3,
      "name": "Расходы",
      "ptId": 2
    }
  ],
  "dayFilters": [
    {
      "id": 1,
      "name": "Сегодня",
      "label": "today"
    },
    {
      "id": 2,
      "name": "Вчера",
      "label": "yesterday"
    },
    {
      "id": 3,
      "name": "Текущая неделя",
      "label": "currentweek"
    },
    {
      "id": 4,
      "name": "Текущий месяц",
      "label": "currentmonth"
    },
    {
      "id": 5,
      "name": "Последние 30 дней",
      "label": "last30"
    }
  ],
  "posts": [
  ]
}